{
  "CT-KI-Bone": {
    "ambient": 0.2,
    "colorTransfer": [
      [
        -2048.0,
        0.0,
        0.0,
        0.0
      ],
      [
        -488.0,
        0.302,
        1.0,
        0.302
      ],
      [
        -185,
        0.615686,
        0.0,
        0.0156863
      ],
      [
        102.884,
        0.909804,
        0.454902,
        0.0
      ],
      [
        412.884,
        1.0,
        0.98,
        0.863
      ],
      [
        953.0,
        1.0,
        1.0,
        1.0
      ]
    ],
    "diffuse": 1.0,
    "effectiveRange": [
      128.643,
      584.878
    ],
    "gradientOpacity": [
      [
        0,
        1
      ],
      [
        255,
        1
      ]
    ],
    "scalarOpacity": [
      [
        -1000.0,
        0.0
      ],
      [
        152.19,
        0.0
      ],
      [
        278.93,
        0.190476
      ],
      [
        255.88,
        0.356
      ],
      [
        952.0,
        0.92
      ]
    ],
    "shade": 1,
    "specular": 0.0,
    "specularPower": 1.0
  },
  "CT-KI-Liver": {
    "ambient": 0.2,
    "colorTransfer": [
      [
        -18,
        0.314,
        0.161,
        0.122
      ],
      [
        107,
        0.424,
        0.18,
        0.122
      ],
      [
        169,
        0.514,
        0.149,
        0.086
      ],
      [
        201,
        0.909804,
        0.454902,
        0
      ]
    ],
    "diffuse": 1,
    "effectiveRange": [
      -600,
      -399
    ],
    "gradientOpacity": [
      [
        0.0,
        1.0
      ],
      [
        985.12,
        1.0
      ],
      [
        988.0,
        1.0
      ]
    ],
    "scalarOpacity": [
      [
        -187,
        0.0
      ],
      [
        -130,
        0.33
      ],
      [
        31,
        0.33
      ],
      [
        32,
        0.02
      ],
      [
        167,
        0.0
      ],
      [
        192,
        0.48
      ],
      [
        228,
        0.0
      ]
    ],
    "shade": 1,
    "specular": 0,
    "specularPower": 1
  },
  "CT-Slicer-Arteries": {
    "ambient": 0.1,
    "colorTransfer": [
      [
        -2048.0,
        0.0,
        0.0,
        0.0
      ],
      [
        128.643,
        0.0,
        0.0,
        0.0
      ],
      [
        129.982,
        0.615686,
        0.0,
        0.0156863
      ],
      [
        173.636,
        0.909804,
        0.454902,
        0.0
      ],
      [
        255.884,
        0.886275,
        0.886275,
        0.886275
      ],
      [
        584.878,
        0.968627,
        0.968627,
        0.968627
      ],
      [
        3661.0,
        1.0,
        1.0,
        1.0
      ]
    ],
    "diffuse": 0.9,
    "effectiveRange": [
      128.643,
      584.878
    ],
    "gradientOpacity": [
      [
        0,
        1
      ],
      [
        255,
        1
      ]
    ],
    "scalarOpacity": [
      [
        -2048.0,
        0.0
      ],
      [
        128.643,
        0.0
      ],
      [
        129.982,
        0.0982143
      ],
      [
        173.636,
        0.669643
      ],
      [
        255.884,
        0.857143
      ],
      [
        584.878,
        0.866071
      ],
      [
        3661.0,
        1.0
      ]
    ],
    "shade": 1,
    "specular": 0.2,
    "specularPower": 10
  },
  "CT-Slicer-Cardiac": {
    "ambient": 0.1,
    "colorTransfer": [
      [
        -3024.0,
        0.0,
        0.0,
        0.0
      ],
      [
        -86.9767,
        0.0,
        0.25098,
        1.0
      ],
      [
        45.3791,
        1.0,
        0.0,
        0.0
      ],
      [
        139.919,
        1.0,
        0.894893,
        0.894893
      ],
      [
        347.907,
        1.0,
        1.0,
        0.25098
      ],
      [
        1224.16,
        1.0,
        1.0,
        1.0
      ],
      [
        3071.0,
        0.827451,
        0.658824,
        1.0
      ]
    ],
    "diffuse": 0.9,
    "effectiveRange": [
      -86.9767,
      1224.16
    ],
    "gradientOpacity": [
      [
        0,
        1
      ],
      [
        255,
        1
      ]
    ],
    "scalarOpacity": [
      [
        -3024.0,
        0.0
      ],
      [
        -86.9767,
        0.0
      ],
      [
        45.3791,
        0.169643
      ],
      [
        139.919,
        0.589286
      ],
      [
        347.907,
        0.607143
      ],
      [
        1224.16,
        0.607143
      ],
      [
        3071.0,
        0.616071
      ]
    ],
    "shade": 1,
    "specular": 0.2,
    "specularPower": 10
  },
  "CT-Slicer-Lung": {
    "ambient": 0.2,
    "colorTransfer": [
      [
        -1000.0,
        0.3,
        0.3,
        1.0
      ],
      [
        -600.0,
        0.0,
        0.0,
        1.0
      ],
      [
        -530.0,
        0.134704,
        0.781726,
        0.0724558
      ],
      [
        -460.0,
        0.929244,
        1.0,
        0.109473
      ],
      [
        -400.0,
        0.888889,
        0.254949,
        0.0240258
      ],
      [
        2952.0,
        1.0,
        0.3,
        0.3
      ]
    ],
    "diffuse": 1,
    "effectiveRange": [
      -600,
      -399
    ],
    "gradientOpacity": [
      [
        0.0,
        1.0
      ],
      [
        985.12,
        1.0
      ],
      [
        988.0,
        1.0
      ]
    ],
    "scalarOpacity": [
      [
        -1000.0,
        0.0
      ],
      [
        -600.0,
        0.0
      ],
      [
        -599.0,
        0.15
      ],
      [
        -400.0,
        0.15
      ],
      [
        -399.0,
        0.0
      ],
      [
        2952.0,
        0.0
      ]
    ],
    "shade": 1,
    "specular": 0,
    "specularPower": 1
  }
}